{
	"f1List": [
		422.29198135653064,
		422.29198135653064
		],
        "f2List": [
		464.66235704983876,
		464.66235704983876
		]
}
