{
	"f1List": [365.20889380052466,361.0972781416705],
	"f2List": [2428.165467185984,2428.7977619790017]
}
