{
	"f1List": [1216.8832669132307, 1216.8832669132307],
	"f2List": [464.66535704983876, 464.66535704983876]
}
