{
	"f1List": [1411.0803007730863,1411.0803007730863],
	"f2List": [1937.0122673663034,1937.0122673663034]
}