{
	"f1List": [365.20889380052466,361.0972781416705],
	"f2List": [2312.165467185984,2244.7977619790017]
}
