{
    "f1List": [
        743.9811534054859,
        704.6846127658586
    ],
    "f2List": [
        1002.7182804681286,
        908.7064521973275
    ]
}