{
    "f1List": [
        382.45986822556785,
        372.42633660850515
    ],
    "f2List": [
        1030.2755103939144,
        992.033372290331
    ]
}