{
    "f1List": [
        959.9015453707481,
        951.5810816741256
    ],
    "f2List": [
        2368.4569670602327,
        2015.4744384339228
    ]
}